lat,lon,brilho,confianca,frp,data,satelite,nome,risco
-13.64,-56.5399,400.6,96,252.6,2025-08-12,MODIS_TERRA,Cerrado - MT,alto
-4.6285,-52.6753,312.9,65,5.4,2025-10-09,MODIS_TERRA,Floresta Amazonica - PA,baixo
-4.1219,-65.5323,310.4,49,99.1,2025-09-05,VIIRS_SNPP,Amazonia - AM,baixo
-2.9027,-65.3922,410.8,88,137.4,2025-08-06,MODIS_TERRA,Amazonia - AM,alto
-11.3645,-56.2915,340.2,80,108.2,2025-10-13,VIIRS_SNPP,Cerrado - MT,medio
-13.59,-56.653,374.0,73,134.4,2025-09-05,MODIS_TERRA,Cerrado - MT,alto
-18.8096,-56.8474,344.4,24,91.8,2025-10-21,VIIRS_SNPP,Pantanal - MS,medio
-4.8078,-65.2893,336.2,67,83.9,2025-08-08,VIIRS_SNPP,Amazonia - AM,medio
-2.7679,-52.2372,394.0,91,284.4,2025-08-28,MODIS_TERRA,Floresta Amazonica - PA,alto
-8.5768,-68.6572,404.7,86,145.1,2025-10-14,MODIS_TERRA,Amazonia - AC,alto
-9.8312,-67.8064,405.3,95,208.8,2025-08-20,VIIRS_SNPP,Amazonia - AC,alto
-9.2686,-69.2766,316.3,58,61.9,2025-08-02,VIIRS_NOAA20,Amazonia - AC,baixo
-9.3554,-48.8836,360.2,91,148.5,2025-09-03,VIIRS_SNPP,Cerrado - TO,alto
-11.6108,-56.4837,309.9,73,79.9,2025-10-09,VIIRS_NOAA20,Cerrado - MT,medio
-18.0273,-57.4315,352.4,36,128.1,2025-08-31,VIIRS_NOAA20,Pantanal - MS,baixo
-11.9434,-55.2415,308.2,66,70.2,2025-10-10,VIIRS_SNPP,Cerrado - MT,baixo
-9.9336,-48.2442,349.1,68,120.9,2025-09-09,MODIS_TERRA,Cerrado - TO,medio
-18.1486,-56.4578,380.3,87,160.4,2025-08-30,VIIRS_SNPP,Pantanal - MS,alto
-4.5296,-51.6854,411.6,72,283.0,2025-08-31,MODIS_AQUA,Floresta Amazonica - PA,alto
-6.1858,-46.3825,330.7,74,75.1,2025-09-22,VIIRS_SNPP,Maranhao (MATOPIBA) - MA,medio
-13.4674,-56.1655,347.4,67,61.8,2025-10-22,VIIRS_NOAA20,Cerrado - MT,medio
-3.7337,-52.3857,312.4,51,33.8,2025-09-24,VIIRS_SNPP,Floresta Amazonica - PA,baixo
-10.0897,-47.6012,411.4,72,265.4,2025-10-23,VIIRS_NOAA20,Cerrado - TO,alto
-11.4767,-55.1631,372.8,82,207.4,2025-08-08,VIIRS_SNPP,Cerrado - MT,alto
-10.6948,-69.263,318.5,68,102.5,2025-10-11,MODIS_TERRA,Amazonia - AC,medio
-10.7442,-63.6775,363.7,79,252.4,2025-08-07,MODIS_TERRA,Amazonia - RO,alto
-11.0635,-62.9812,304.4,80,10.8,2025-09-21,VIIRS_NOAA20,Amazonia - RO,baixo
-3.8106,-66.1046,393.9,79,238.3,2025-09-03,VIIRS_SNPP,Amazonia - AM,alto
-18.6272,-56.7501,320.6,72,40.4,2025-08-10,VIIRS_NOAA20,Pantanal - MS,baixo
-5.2092,-45.3488,390.4,73,216.8,2025-09-14,VIIRS_NOAA20,Maranhao (MATOPIBA) - MA,alto
-4.3131,-65.8214,339.8,89,92.1,2025-10-23,VIIRS_NOAA20,Amazonia - AM,medio
-8.9638,-49.4514,357.8,71,35.9,2025-08-20,MODIS_AQUA,Cerrado - TO,baixo
-9.7484,-47.9777,375.8,84,234.2,2025-08-07,VIIRS_NOAA20,Cerrado - TO,alto
-8.7096,-70.0942,363.7,31,18.7,2025-09-26,MODIS_TERRA,Amazonia - AC,baixo
-4.4315,-50.9319,302.3,45,21.1,2025-10-10,VIIRS_SNPP,Floresta Amazonica - PA,baixo
-10.3941,-69.4602,355.9,82,103.9,2025-08-27,VIIRS_SNPP,Amazonia - AC,medio
-12.8512,-55.8563,348.7,84,126.7,2025-08-31,VIIRS_SNPP,Cerrado - MT,medio
-9.0846,-64.1405,360.5,76,44.5,2025-09-01,MODIS_AQUA,Amazonia - RO,medio
-9.3103,-63.9406,314.5,77,111.9,2025-09-28,MODIS_AQUA,Amazonia - RO,medio
-9.2307,-47.6088,383.9,78,238.8,2025-08-09,MODIS_AQUA,Cerrado - TO,alto
-17.6604,-56.7408,361.1,28,70.6,2025-09-03,VIIRS_SNPP,Pantanal - MS,baixo
-11.1082,-48.2682,328.4,88,102.7,2025-08-15,MODIS_TERRA,Cerrado - TO,medio
-4.5887,-64.4989,392.3,91,286.6,2025-10-25,VIIRS_SNPP,Amazonia - AM,alto
-18.1649,-55.4227,343.1,28,81.8,2025-09-08,MODIS_AQUA,Pantanal - MS,baixo
-9.9172,-68.5267,343.2,46,26.6,2025-08-23,MODIS_AQUA,Amazonia - AC,baixo
-9.385,-70.199,394.8,89,197.4,2025-09-29,MODIS_TERRA,Amazonia - AC,alto
-5.0785,-45.4732,347.8,66,124.9,2025-09-06,MODIS_AQUA,Maranhao (MATOPIBA) - MA,medio
-11.7358,-55.3973,312.9,21,30.8,2025-09-01,MODIS_TERRA,Cerrado - MT,baixo
-12.607,-55.0733,325.0,47,93.9,2025-08-19,VIIRS_NOAA20,Cerrado - MT,baixo
-11.8318,-56.6748,330.2,59,91.1,2025-08-16,MODIS_TERRA,Cerrado - MT,medio
-9.2766,-62.5978,361.8,82,78.2,2025-10-18,MODIS_TERRA,Amazonia - RO,medio
-4.5467,-44.9152,316.1,64,35.2,2025-10-06,MODIS_TERRA,Maranhao (MATOPIBA) - MA,baixo
-4.541,-66.014,379.2,86,168.9,2025-08-18,VIIRS_SNPP,Amazonia - AM,alto
-4.2807,-65.8333,379.9,83,194.7,2025-08-08,VIIRS_SNPP,Amazonia - AM,alto
-9.7653,-68.3525,357.2,60,4.5,2025-10-01,VIIRS_NOAA20,Amazonia - AC,baixo
-18.4833,-56.764,335.0,71,109.0,2025-10-17,VIIRS_SNPP,Pantanal - MS,medio
-6.1734,-45.654,400.7,82,180.5,2025-08-22,MODIS_TERRA,Maranhao (MATOPIBA) - MA,alto
-8.8463,-62.9181,343.1,25,77.8,2025-09-24,VIIRS_SNPP,Amazonia - RO,medio
-6.2639,-46.0756,321.9,81,60.2,2025-09-05,MODIS_TERRA,Maranhao (MATOPIBA) - MA,medio
-9.1962,-48.5713,361.9,35,8.7,2025-08-09,VIIRS_NOAA20,Cerrado - TO,baixo
-2.4209,-52.7215,367.6,90,147.4,2025-10-12,VIIRS_SNPP,Floresta Amazonica - PA,medio
-5.0213,-44.8594,404.9,73,229.3,2025-08-21,MODIS_AQUA,Maranhao (MATOPIBA) - MA,alto
-12.3112,-54.9707,324.4,85,118.2,2025-08-26,VIIRS_NOAA20,Cerrado - MT,medio
-4.9554,-64.346,307.9,88,78.9,2025-08-06,MODIS_AQUA,Amazonia - AM,medio
-9.1123,-70.0345,327.3,54,3.6,2025-09-25,MODIS_AQUA,Amazonia - AC,baixo
-5.0025,-45.6548,317.6,76,125.6,2025-10-08,MODIS_TERRA,Maranhao (MATOPIBA) - MA,medio
-5.6546,-44.9455,409.8,72,273.3,2025-09-27,VIIRS_SNPP,Maranhao (MATOPIBA) - MA,alto
-5.3324,-45.0963,321.1,54,65.3,2025-09-15,MODIS_AQUA,Maranhao (MATOPIBA) - MA,medio
-18.5288,-56.2692,333.6,33,73.1,2025-08-31,MODIS_TERRA,Pantanal - MS,medio
-5.3676,-46.1232,329.1,21,93.1,2025-09-07,VIIRS_SNPP,Maranhao (MATOPIBA) - MA,baixo
-9.0397,-69.4651,334.5,49,62.6,2025-10-10,MODIS_AQUA,Amazonia - AC,medio
-17.5131,-57.0498,371.6,73,141.7,2025-10-08,VIIRS_SNPP,Pantanal - MS,medio
-4.6807,-65.0379,334.1,39,127.0,2025-08-13,VIIRS_SNPP,Amazonia - AM,medio
-10.654,-49.2693,376.5,99,216.1,2025-10-10,MODIS_AQUA,Cerrado - TO,alto
-9.6691,-62.3933,377.1,84,122.2,2025-09-13,VIIRS_SNPP,Amazonia - RO,medio
-4.0941,-51.1319,389.5,87,131.8,2025-10-27,VIIRS_NOAA20,Floresta Amazonica - PA,medio
-10.8419,-62.8492,307.7,73,129.2,2025-10-17,VIIRS_SNPP,Amazonia - RO,medio
-9.6188,-69.1375,319.8,63,128.7,2025-10-18,VIIRS_NOAA20,Amazonia - AC,medio
-3.6988,-65.5648,393.1,74,163.2,2025-09-22,MODIS_TERRA,Amazonia - AM,medio
-6.001,-46.1445,329.5,68,92.0,2025-09-03,VIIRS_SNPP,Maranhao (MATOPIBA) - MA,medio
-10.4245,-69.6605,368.5,71,167.8,2025-09-09,MODIS_AQUA,Amazonia - AC,medio
-6.4016,-45.0472,332.5,54,122.7,2025-08-11,VIIRS_NOAA20,Maranhao (MATOPIBA) - MA,medio
-8.9371,-68.7511,400.5,95,161.2,2025-10-15,VIIRS_NOAA20,Amazonia - AC,alto
-9.817,-47.8685,386.5,78,213.4,2025-10-14,MODIS_TERRA,Cerrado - TO,alto
-4.3743,-45.572,306.8,31,43.1,2025-09-22,MODIS_TERRA,Maranhao (MATOPIBA) - MA,baixo
-9.6098,-48.7389,305.7,37,6.7,2025-08-15,MODIS_TERRA,Cerrado - TO,baixo
-3.1216,-51.8978,323.5,72,26.0,2025-10-20,MODIS_TERRA,Floresta Amazonica - PA,baixo
-4.2115,-51.8819,345.4,28,58.1,2025-10-20,VIIRS_SNPP,Floresta Amazonica - PA,baixo
-10.4542,-64.1672,354.7,27,30.8,2025-08-16,VIIRS_SNPP,Amazonia - RO,baixo
-4.4616,-45.9995,331.4,53,55.2,2025-09-28,VIIRS_SNPP,Maranhao (MATOPIBA) - MA,medio
-10.2425,-68.7615,304.5,74,19.5,2025-09-23,MODIS_AQUA,Amazonia - AC,baixo
-9.2307,-49.0212,419.9,84,225.6,2025-08-20,MODIS_TERRA,Cerrado - TO,alto
-5.8717,-45.3754,320.9,33,60.3,2025-10-29,VIIRS_SNPP,Maranhao (MATOPIBA) - MA,baixo
-10.1395,-68.3387,402.3,94,254.0,2025-09-19,VIIRS_SNPP,Amazonia - AC,alto
-4.3844,-46.397,306.5,79,44.5,2025-08-13,MODIS_TERRA,Maranhao (MATOPIBA) - MA,baixo
-2.9661,-52.2161,330.5,87,21.8,2025-09-13,MODIS_TERRA,Floresta Amazonica - PA,baixo
-11.6558,-55.1544,320.6,70,50.6,2025-10-02,VIIRS_NOAA20,Cerrado - MT,baixo
-13.1366,-55.5574,365.4,99,160.9,2025-10-21,VIIRS_NOAA20,Cerrado - MT,alto
-6.3007,-45.9813,363.4,80,178.4,2025-09-25,VIIRS_SNPP,Maranhao (MATOPIBA) - MA,medio
-3.9252,-64.8418,305.1,80,23.8,2025-10-19,VIIRS_SNPP,Amazonia - AM,baixo
-4.5092,-46.3565,316.6,20,34.5,2025-09-29,MODIS_AQUA,Maranhao (MATOPIBA) - MA,baixo
-11.0227,-61.9314,362.5,68,40.3,2025-09-28,MODIS_AQUA,Amazonia - RO,medio
-2.8015,-64.152,381.5,78,188.6,2025-10-29,MODIS_AQUA,Amazonia - AM,alto
-2.3529,-51.6202,401.1,92,221.9,2025-08-07,MODIS_TERRA,Floresta Amazonica - PA,alto
-9.3382,-49.1477,312.4,37,30.0,2025-10-24,VIIRS_SNPP,Cerrado - TO,baixo
-11.5318,-55.6488,337.7,71,58.4,2025-08-12,MODIS_AQUA,Cerrado - MT,medio
-17.406,-57.2785,418.3,85,217.1,2025-09-04,VIIRS_SNPP,Pantanal - MS,alto
-9.0063,-47.4339,356.6,76,39.8,2025-09-29,VIIRS_NOAA20,Cerrado - TO,medio
-9.39,-63.6585,325.8,79,88.3,2025-10-11,MODIS_AQUA,Amazonia - RO,medio
-11.8024,-57.1666,343.7,67,60.2,2025-10-14,MODIS_TERRA,Cerrado - MT,medio
-18.94,-57.1388,393.7,97,279.2,2025-08-29,VIIRS_NOAA20,Pantanal - MS,alto
-4.5175,-45.9747,361.5,41,19.9,2025-10-03,VIIRS_NOAA20,Maranhao (MATOPIBA) - MA,baixo
-13.1365,-55.9099,361.7,68,49.5,2025-10-09,MODIS_TERRA,Cerrado - MT,medio
-9.075,-62.6282,361.0,39,80.8,2025-10-28,MODIS_AQUA,Amazonia - RO,medio
-4.1359,-63.9187,344.6,58,14.7,2025-10-22,MODIS_AQUA,Amazonia - AM,baixo
-3.7445,-52.7445,387.3,89,272.6,2025-10-22,VIIRS_NOAA20,Floresta Amazonica - PA,alto
-2.8117,-52.6154,364.1,92,221.6,2025-08-27,VIIRS_SNPP,Floresta Amazonica - PA,alto
-4.4115,-65.8459,355.8,30,2.4,2025-08-17,MODIS_AQUA,Amazonia - AM,baixo
-10.9362,-62.1205,407.3,87,184.5,2025-08-03,VIIRS_SNPP,Amazonia - RO,alto
-11.0742,-47.9199,331.0,74,97.4,2025-10-05,VIIRS_NOAA20,Cerrado - TO,medio
-5.4908,-44.431,412.0,85,261.0,2025-09-28,VIIRS_NOAA20,Maranhao (MATOPIBA) - MA,alto
-2.3034,-51.1665,346.3,51,15.8,2025-08-11,MODIS_AQUA,Floresta Amazonica - PA,baixo
-11.0424,-63.54,321.1,89,72.2,2025-10-07,MODIS_AQUA,Amazonia - RO,medio
-5.4867,-45.6675,342.6,81,16.6,2025-10-10,VIIRS_SNPP,Maranhao (MATOPIBA) - MA,medio
-9.6163,-69.6516,327.0,26,60.0,2025-09-24,MODIS_AQUA,Amazonia - AC,baixo
-10.3017,-49.3337,354.1,26,10.6,2025-08-13,MODIS_AQUA,Cerrado - TO,baixo
-9.8647,-62.7925,307.9,44,44.2,2025-10-25,MODIS_TERRA,Amazonia - RO,baixo
-2.3758,-51.759,313.8,65,76.0,2025-08-29,VIIRS_NOAA20,Floresta Amazonica - PA,medio
-17.1711,-56.8179,352.5,79,75.5,2025-10-19,VIIRS_NOAA20,Pantanal - MS,medio
-11.1305,-49.0442,322.8,32,120.0,2025-08-19,MODIS_TERRA,Cerrado - TO,baixo
-13.3595,-55.6804,372.9,82,254.3,2025-09-13,VIIRS_SNPP,Cerrado - MT,alto
-18.4521,-56.9215,357.4,30,78.3,2025-10-19,VIIRS_NOAA20,Pantanal - MS,medio
-13.047,-55.6113,317.8,72,58.6,2025-08-15,MODIS_AQUA,Cerrado - MT,baixo
-10.4339,-68.5723,320.0,35,69.4,2025-10-16,VIIRS_NOAA20,Amazonia - AC,baixo
-4.2094,-50.9312,318.8,28,99.8,2025-10-03,MODIS_TERRA,Floresta Amazonica - PA,baixo
-10.89,-62.9218,400.1,80,220.6,2025-09-20,VIIRS_NOAA20,Amazonia - RO,alto
-10.655,-67.9892,337.3,69,75.7,2025-09-23,MODIS_AQUA,Amazonia - AC,medio
-12.7279,-54.8811,387.6,90,290.6,2025-09-16,VIIRS_NOAA20,Cerrado - MT,alto
-8.6732,-69.616,325.7,41,69.1,2025-09-13,VIIRS_SNPP,Amazonia - AC,medio
-17.3301,-57.5167,312.6,74,69.9,2025-09-14,VIIRS_SNPP,Pantanal - MS,baixo
-4.9533,-65.5857,405.5,72,147.5,2025-10-20,MODIS_TERRA,Amazonia - AM,alto
-4.8893,-44.8763,336.7,64,120.3,2025-10-19,MODIS_AQUA,Maranhao (MATOPIBA) - MA,medio
-18.8377,-57.5361,317.9,23,40.8,2025-10-04,VIIRS_NOAA20,Pantanal - MS,baixo
-10.0918,-49.6097,341.9,88,38.7,2025-08-12,MODIS_TERRA,Cerrado - TO,medio
-5.3072,-44.4098,359.1,60,7.3,2025-08-25,MODIS_AQUA,Maranhao (MATOPIBA) - MA,medio
-5.4967,-44.4015,354.4,88,105.8,2025-08-11,VIIRS_SNPP,Maranhao (MATOPIBA) - MA,medio
-4.1054,-52.1494,310.3,46,68.9,2025-09-06,MODIS_TERRA,Floresta Amazonica - PA,baixo
-8.8413,-68.5706,380.1,79,233.6,2025-10-11,MODIS_TERRA,Amazonia - AC,alto
-10.5952,-47.6562,309.8,25,79.1,2025-10-24,VIIRS_SNPP,Cerrado - TO,baixo
-18.4554,-56.1255,346.1,25,18.5,2025-10-11,MODIS_TERRA,Pantanal - MS,baixo
-17.2484,-56.0917,344.6,56,96.6,2025-10-22,MODIS_TERRA,Pantanal - MS,baixo
-19.1562,-56.9587,349.8,33,45.7,2025-08-18,VIIRS_SNPP,Pantanal - MS,baixo
-12.9901,-55.3085,348.0,56,71.1,2025-10-24,MODIS_AQUA,Cerrado - MT,medio
-9.7666,-63.8298,397.5,97,244.7,2025-09-26,VIIRS_NOAA20,Amazonia - RO,alto
-9.8257,-68.473,348.9,74,80.2,2025-08-30,VIIRS_SNPP,Amazonia - AC,medio
-8.8826,-47.8175,344.1,59,26.8,2025-09-26,MODIS_TERRA,Cerrado - TO,baixo
-9.3325,-48.493,313.0,62,22.7,2025-09-02,VIIRS_NOAA20,Cerrado - TO,medio
-4.6021,-45.3691,411.1,78,272.3,2025-08-21,MODIS_AQUA,Maranhao (MATOPIBA) - MA,alto
-4.5273,-46.3464,314.4,51,123.1,2025-09-14,VIIRS_NOAA20,Maranhao (MATOPIBA) - MA,medio
-10.5722,-68.9952,382.5,70,299.0,2025-08-13,MODIS_AQUA,Amazonia - AC,alto
-10.8698,-63.5115,309.0,69,91.1,2025-09-27,VIIRS_NOAA20,Amazonia - RO,medio
-13.6544,-56.6824,396.5,82,289.2,2025-09-06,VIIRS_SNPP,Cerrado - MT,alto
-10.9076,-49.1277,304.1,78,81.7,2025-10-03,VIIRS_NOAA20,Cerrado - TO,baixo
-3.4755,-65.5009,394.2,75,183.5,2025-10-25,VIIRS_NOAA20,Amazonia - AM,alto
-19.0376,-56.4375,336.0,47,128.5,2025-09-30,VIIRS_NOAA20,Pantanal - MS,medio
-8.3455,-69.5912,380.7,91,261.9,2025-10-20,VIIRS_NOAA20,Amazonia - AC,alto
-18.8798,-56.8545,354.0,67,84.3,2025-10-29,MODIS_TERRA,Pantanal - MS,medio
-9.2524,-64.0486,319.1,23,60.6,2025-08-26,VIIRS_NOAA20,Amazonia - RO,baixo
-16.9599,-56.4631,316.5,72,71.5,2025-08-25,MODIS_AQUA,Pantanal - MS,baixo
-17.1309,-57.5853,352.0,50,37.0,2025-09-21,MODIS_TERRA,Pantanal - MS,medio
-9.8863,-69.7516,351.8,38,49.0,2025-08-11,MODIS_TERRA,Amazonia - AC,medio
-12.6665,-54.8118,366.2,79,172.9,2025-09-07,MODIS_AQUA,Cerrado - MT,alto
-5.2537,-45.6773,302.8,80,47.0,2025-09-15,MODIS_TERRA,Maranhao (MATOPIBA) - MA,baixo
-9.6653,-47.8005,384.4,85,240.8,2025-10-26,VIIRS_SNPP,Cerrado - TO,alto
-4.3573,-51.7418,304.4,74,6.5,2025-09-16,MODIS_AQUA,Floresta Amazonica - PA,baixo
-8.4213,-70.1223,382.3,83,201.0,2025-08-10,VIIRS_SNPP,Amazonia - AC,alto
-18.2447,-56.1411,404.1,84,140.4,2025-09-19,VIIRS_NOAA20,Pantanal - MS,alto
-9.3401,-48.0103,401.6,99,230.1,2025-08-26,VIIRS_NOAA20,Cerrado - TO,alto
-9.1532,-63.1151,305.7,67,59.0,2025-09-10,MODIS_AQUA,Amazonia - RO,medio
-12.38,-56.5031,402.6,91,148.4,2025-08-23,MODIS_AQUA,Cerrado - MT,alto
-4.9087,-65.7176,361.6,86,262.3,2025-09-17,MODIS_TERRA,Amazonia - AM,alto
-9.7313,-63.9931,346.7,56,129.9,2025-09-22,VIIRS_NOAA20,Amazonia - RO,medio
-8.8663,-62.6584,322.4,81,89.1,2025-10-10,VIIRS_SNPP,Amazonia - RO,medio
-10.1617,-62.0143,369.2,74,142.3,2025-09-11,VIIRS_SNPP,Amazonia - RO,medio
-16.926,-56.4546,371.8,98,134.2,2025-09-05,VIIRS_SNPP,Pantanal - MS,alto
-9.7254,-49.4758,337.7,31,77.8,2025-10-19,MODIS_AQUA,Cerrado - TO,baixo
-2.7194,-53.1319,394.6,89,235.5,2025-10-13,MODIS_TERRA,Floresta Amazonica - PA,alto
-3.5047,-51.6948,389.0,94,292.2,2025-10-27,MODIS_TERRA,Floresta Amazonica - PA,alto
-10.1115,-48.0473,387.9,80,194.8,2025-08-19,MODIS_AQUA,Cerrado - TO,alto
-17.4379,-55.6341,324.1,59,18.7,2025-09-10,VIIRS_SNPP,Pantanal - MS,medio
-6.4059,-45.621,416.7,95,129.1,2025-09-23,VIIRS_SNPP,Maranhao (MATOPIBA) - MA,alto
-9.2477,-61.959,310.4,89,26.3,2025-09-29,MODIS_TERRA,Amazonia - RO,baixo
-10.0063,-49.4839,315.6,60,60.5,2025-08-07,VIIRS_NOAA20,Cerrado - TO,medio
-10.0123,-47.5824,334.9,79,62.2,2025-09-25,VIIRS_SNPP,Cerrado - TO,medio
-9.454,-47.8667,337.1,33,53.3,2025-10-10,MODIS_AQUA,Cerrado - TO,medio
-12.7728,-56.1191,340.5,62,107.6,2025-08-17,VIIRS_NOAA20,Cerrado - MT,medio
-9.8043,-67.8317,309.4,62,48.8,2025-09-21,VIIRS_NOAA20,Amazonia - AC,baixo
-4.6066,-51.4874,309.7,82,68.5,2025-08-18,MODIS_AQUA,Floresta Amazonica - PA,medio
-18.81,-55.3225,321.9,77,40.3,2025-10-08,MODIS_TERRA,Pantanal - MS,baixo
-10.0603,-49.6601,327.1,41,16.0,2025-10-28,VIIRS_NOAA20,Cerrado - TO,baixo
-6.0627,-45.1266,314.8,23,76.0,2025-10-01,VIIRS_SNPP,Maranhao (MATOPIBA) - MA,baixo
-10.3453,-68.5663,366.6,70,290.7,2025-09-10,MODIS_TERRA,Amazonia - AC,alto
-10.2089,-63.7107,330.7,79,80.3,2025-08-08,VIIRS_SNPP,Amazonia - RO,medio
-3.8539,-63.8045,362.2,52,50.2,2025-10-08,MODIS_AQUA,Amazonia - AM,medio
-17.5779,-55.6176,317.2,53,104.9,2025-09-01,MODIS_AQUA,Pantanal - MS,medio
-10.6603,-47.365,372.4,91,172.0,2025-09-10,MODIS_TERRA,Cerrado - TO,alto
-17.8548,-55.4572,337.3,58,38.8,2025-09-20,MODIS_AQUA,Pantanal - MS,medio
-10.5029,-63.5097,328.8,37,46.3,2025-10-01,VIIRS_SNPP,Amazonia - RO,baixo
-3.2129,-65.5493,307.1,71,36.8,2025-08-31,VIIRS_SNPP,Amazonia - AM,baixo
-3.0924,-51.9255,326.9,70,8.7,2025-08-13,VIIRS_SNPP,Floresta Amazonica - PA,baixo
-2.3852,-50.853,412.8,84,237.5,2025-10-23,VIIRS_SNPP,Floresta Amazonica - PA,alto
-10.4292,-48.1498,337.3,57,13.5,2025-08-05,VIIRS_SNPP,Cerrado - TO,baixo
-8.5826,-69.7781,325.8,54,129.6,2025-09-07,VIIRS_NOAA20,Amazonia - AC,medio
-3.9839,-51.7533,329.5,64,44.9,2025-10-07,MODIS_TERRA,Floresta Amazonica - PA,medio
-9.1575,-63.0768,369.7,83,140.3,2025-09-02,VIIRS_SNPP,Amazonia - RO,alto
-2.9321,-51.3022,311.4,79,98.9,2025-09-21,MODIS_TERRA,Floresta Amazonica - PA,medio
-18.9918,-56.0938,379.4,77,145.3,2025-09-03,MODIS_TERRA,Pantanal - MS,alto
-4.1278,-65.5592,337.2,38,76.6,2025-09-16,VIIRS_SNPP,Amazonia - AM,baixo
-3.0973,-52.0831,415.4,96,243.5,2025-09-09,VIIRS_NOAA20,Floresta Amazonica - PA,alto
-10.3179,-49.17,329.6,89,63.2,2025-09-17,MODIS_TERRA,Cerrado - TO,medio
-4.8824,-44.7752,344.2,61,99.5,2025-08-11,MODIS_TERRA,Maranhao (MATOPIBA) - MA,medio
-19.0126,-56.346,390.3,87,218.6,2025-08-20,VIIRS_SNPP,Pantanal - MS,alto
-17.1492,-56.6396,331.8,82,93.8,2025-09-27,VIIRS_NOAA20,Pantanal - MS,medio
-6.3833,-45.703,343.7,41,73.5,2025-08-03,MODIS_TERRA,Maranhao (MATOPIBA) - MA,medio
-9.2405,-47.9101,322.4,24,7.8,2025-08-08,VIIRS_NOAA20,Cerrado - TO,baixo
-6.6238,-45.7187,363.6,65,100.0,2025-09-23,MODIS_AQUA,Maranhao (MATOPIBA) - MA,medio
-9.6235,-67.9989,362.7,81,12.3,2025-08-18,MODIS_AQUA,Amazonia - AC,medio
-13.2717,-55.9106,314.5,20,95.2,2025-08-03,MODIS_AQUA,Cerrado - MT,baixo
-5.0836,-45.3933,316.1,44,107.4,2025-09-05,VIIRS_SNPP,Maranhao (MATOPIBA) - MA,baixo
-13.6227,-55.6155,357.8,36,121.8,2025-08-09,VIIRS_NOAA20,Cerrado - MT,medio
-3.6285,-51.5871,302.9,50,33.3,2025-10-09,VIIRS_SNPP,Floresta Amazonica - PA,baixo
-4.3637,-50.8156,394.6,87,285.0,2025-10-26,MODIS_AQUA,Floresta Amazonica - PA,alto
-4.4758,-65.8562,319.5,24,30.3,2025-10-15,VIIRS_SNPP,Amazonia - AM,baixo
-9.366,-70.0875,324.8,56,84.3,2025-10-29,MODIS_TERRA,Amazonia - AC,medio
-10.3419,-69.2965,355.2,41,62.6,2025-10-30,VIIRS_SNPP,Amazonia - AC,medio
-4.5046,-45.3503,308.7,37,73.3,2025-08-27,MODIS_AQUA,Maranhao (MATOPIBA) - MA,baixo
-11.4867,-55.1669,371.4,78,250.4,2025-10-26,VIIRS_NOAA20,Cerrado - MT,alto
-13.2484,-55.3719,331.2,80,73.5,2025-09-12,MODIS_AQUA,Cerrado - MT,medio
-4.1917,-52.7439,349.0,84,97.6,2025-10-29,VIIRS_SNPP,Floresta Amazonica - PA,medio
-8.5037,-68.875,334.7,45,50.7,2025-09-03,MODIS_AQUA,Amazonia - AC,baixo
-5.5816,-44.7732,320.8,34,99.5,2025-09-10,MODIS_TERRA,Maranhao (MATOPIBA) - MA,baixo
-3.3499,-52.6689,416.1,87,166.9,2025-09-23,MODIS_AQUA,Floresta Amazonica - PA,alto
-10.7291,-63.648,335.8,86,33.5,2025-09-13,MODIS_AQUA,Amazonia - RO,medio
-4.3804,-45.1599,351.7,31,23.5,2025-10-09,MODIS_TERRA,Maranhao (MATOPIBA) - MA,baixo
-8.9994,-62.8989,302.2,79,9.5,2025-10-25,VIIRS_NOAA20,Amazonia - RO,baixo
-3.7103,-51.1779,360.5,85,247.3,2025-09-17,VIIRS_NOAA20,Floresta Amazonica - PA,alto
-5.1177,-46.6622,301.1,70,54.7,2025-10-08,MODIS_AQUA,Maranhao (MATOPIBA) - MA,medio
-3.4947,-51.5251,311.7,84,122.3,2025-10-07,VIIRS_SNPP,Floresta Amazonica - PA,medio
-4.7394,-64.9365,325.8,46,36.2,2025-09-21,MODIS_TERRA,Amazonia - AM,baixo
-2.8234,-65.6579,342.5,80,110.5,2025-08-05,VIIRS_NOAA20,Amazonia - AM,medio
-9.7898,-68.8735,370.3,84,121.7,2025-09-25,MODIS_AQUA,Amazonia - AC,medio
-11.5525,-54.994,401.5,87,282.2,2025-09-04,VIIRS_NOAA20,Cerrado - MT,alto
-12.0574,-56.5271,311.7,79,86.2,2025-08-03,VIIRS_SNPP,Cerrado - MT,medio
-9.3946,-62.4895,310.6,36,11.8,2025-09-19,MODIS_AQUA,Amazonia - RO,baixo
-8.8865,-69.8641,332.6,88,94.7,2025-08-07,VIIRS_NOAA20,Amazonia - AC,medio
-10.1429,-70.0176,338.7,87,80.6,2025-09-11,VIIRS_NOAA20,Amazonia - AC,medio
-9.3195,-48.6187,382.5,75,219.5,2025-10-14,MODIS_TERRA,Cerrado - TO,alto
-11.8468,-56.4911,376.1,81,133.2,2025-10-21,VIIRS_SNPP,Cerrado - MT,medio
-9.94,-69.9443,381.6,78,175.5,2025-08-17,VIIRS_NOAA20,Amazonia - AC,alto
-10.1656,-62.8632,305.8,58,15.2,2025-10-16,MODIS_AQUA,Amazonia - RO,baixo
-10.6704,-69.2069,336.4,89,94.8,2025-09-01,VIIRS_SNPP,Amazonia - AC,medio
-10.2932,-69.5546,370.0,78,146.3,2025-09-08,MODIS_TERRA,Amazonia - AC,alto
-12.8333,-54.9339,340.1,52,65.5,2025-08-18,MODIS_AQUA,Cerrado - MT,baixo
-2.4228,-52.4027,321.4,43,104.9,2025-10-23,VIIRS_SNPP,Floresta Amazonica - PA,medio
-10.4304,-47.4265,417.9,99,176.6,2025-09-07,MODIS_TERRA,Cerrado - TO,alto
-4.4179,-65.5273,360.6,33,48.7,2025-10-09,VIIRS_SNPP,Amazonia - AM,baixo
-2.4128,-52.0921,318.9,68,58.1,2025-09-22,MODIS_TERRA,Floresta Amazonica - PA,baixo
-9.68,-63.6191,351.3,25,93.6,2025-10-16,MODIS_TERRA,Amazonia - RO,baixo
-9.4175,-67.9836,302.4,87,55.5,2025-10-29,VIIRS_NOAA20,Amazonia - AC,medio
-11.8545,-55.6218,302.9,88,84.8,2025-10-26,MODIS_TERRA,Cerrado - MT,medio
-16.8823,-56.6669,390.6,85,166.6,2025-10-14,VIIRS_SNPP,Pantanal - MS,alto
-5.8021,-45.5886,309.8,89,90.4,2025-10-01,VIIRS_NOAA20,Maranhao (MATOPIBA) - MA,medio
-10.2017,-47.3919,368.5,79,289.3,2025-09-28,VIIRS_SNPP,Cerrado - TO,alto
-5.8641,-46.4657,304.4,23,59.9,2025-10-30,VIIRS_NOAA20,Maranhao (MATOPIBA) - MA,baixo
-2.662,-51.6449,364.0,37,23.0,2025-08-23,VIIRS_SNPP,Floresta Amazonica - PA,baixo
-17.8564,-55.3997,371.1,89,192.9,2025-09-25,MODIS_TERRA,Pantanal - MS,alto
-2.9303,-51.0806,300.3,35,57.0,2025-09-05,VIIRS_NOAA20,Floresta Amazonica - PA,baixo
-11.7812,-55.9115,307.4,66,27.2,2025-10-02,MODIS_AQUA,Cerrado - MT,baixo
-9.2329,-68.7912,340.1,76,110.2,2025-10-30,MODIS_AQUA,Amazonia - AC,medio
-12.0869,-56.4484,382.4,74,141.1,2025-09-19,MODIS_TERRA,Cerrado - MT,medio
-9.8205,-63.1847,359.7,85,70.8,2025-08-23,VIIRS_SNPP,Amazonia - RO,medio
-6.0068,-46.251,356.3,86,81.3,2025-10-02,VIIRS_SNPP,Maranhao (MATOPIBA) - MA,medio
-3.2435,-63.8868,344.5,49,65.4,2025-09-26,MODIS_TERRA,Amazonia - AM,baixo
-11.0016,-64.1259,317.9,57,39.4,2025-08-22,MODIS_TERRA,Amazonia - RO,baixo
-5.3807,-46.4283,409.4,81,259.5,2025-08-06,MODIS_TERRA,Maranhao (MATOPIBA) - MA,alto
-2.8245,-65.9542,319.4,89,98.2,2025-09-27,MODIS_AQUA,Amazonia - AM,medio
-17.1307,-57.4912,352.8,34,17.0,2025-10-15,MODIS_AQUA,Pantanal - MS,baixo
-10.3016,-69.8658,363.6,80,157.2,2025-09-05,VIIRS_SNPP,Amazonia - AC,medio
-16.8504,-56.9977,333.4,83,123.9,2025-08-13,VIIRS_SNPP,Pantanal - MS,medio
-8.495,-67.818,356.3,37,18.2,2025-09-11,VIIRS_SNPP,Amazonia - AC,baixo
-9.5253,-68.8142,387.1,89,194.6,2025-08-12,MODIS_TERRA,Amazonia - AC,alto
-9.5327,-47.5944,337.8,80,64.5,2025-08-12,MODIS_TERRA,Cerrado - TO,medio
-17.1597,-55.7904,353.6,54,125.9,2025-09-11,MODIS_AQUA,Pantanal - MS,medio
-17.8865,-57.3866,358.1,73,102.9,2025-08-06,VIIRS_NOAA20,Pantanal - MS,medio
-6.6609,-44.4694,419.5,82,202.2,2025-10-28,VIIRS_SNPP,Maranhao (MATOPIBA) - MA,alto
-10.8185,-47.4615,375.0,81,237.8,2025-10-23,VIIRS_SNPP,Cerrado - TO,alto
-3.7488,-52.4668,342.6,69,32.0,2025-08-01,VIIRS_SNPP,Floresta Amazonica - PA,medio
-6.5129,-45.2752,300.5,44,59.0,2025-08-16,MODIS_TERRA,Maranhao (MATOPIBA) - MA,baixo
-10.0535,-63.6505,366.2,81,265.1,2025-09-08,VIIRS_SNPP,Amazonia - RO,alto
-8.8437,-68.3924,368.6,85,298.7,2025-08-02,VIIRS_SNPP,Amazonia - AC,alto
-5.8571,-46.1887,340.0,50,119.7,2025-08-28,VIIRS_NOAA20,Maranhao (MATOPIBA) - MA,medio
-13.364,-56.9044,327.9,75,47.0,2025-09-01,MODIS_AQUA,Cerrado - MT,baixo
-13.1044,-55.7576,361.2,21,38.5,2025-10-24,MODIS_AQUA,Cerrado - MT,baixo
-3.9574,-64.9771,303.5,82,39.8,2025-08-31,MODIS_TERRA,Amazonia - AM,baixo
-10.4294,-69.001,363.6,89,69.6,2025-09-10,VIIRS_SNPP,Amazonia - AC,medio
-8.634,-68.8359,349.6,86,89.4,2025-08-10,VIIRS_NOAA20,Amazonia - AC,medio
-13.6669,-56.6822,325.9,40,123.4,2025-10-04,MODIS_TERRA,Cerrado - MT,baixo
-9.0157,-70.0022,318.0,41,80.9,2025-10-05,VIIRS_SNPP,Amazonia - AC,baixo
-9.9127,-63.2622,344.3,24,108.8,2025-10-29,MODIS_TERRA,Amazonia - RO,baixo
-5.061,-65.9931,339.6,41,60.0,2025-10-24,VIIRS_SNPP,Amazonia - AM,medio
-13.6696,-56.8707,380.8,85,209.4,2025-09-03,VIIRS_SNPP,Cerrado - MT,alto
-18.8954,-55.8253,406.3,70,279.6,2025-09-24,MODIS_AQUA,Pantanal - MS,alto
-13.0689,-54.8599,333.2,23,65.5,2025-10-12,VIIRS_SNPP,Cerrado - MT,baixo
-18.8225,-55.844,307.5,71,88.3,2025-08-01,VIIRS_NOAA20,Pantanal - MS,medio
-4.1131,-52.0678,360.5,80,21.2,2025-10-10,MODIS_TERRA,Floresta Amazonica - PA,medio
-4.4277,-65.201,305.1,46,36.7,2025-10-04,VIIRS_NOAA20,Amazonia - AM,baixo
-10.6644,-62.9621,412.6,95,192.2,2025-09-09,MODIS_AQUA,Amazonia - RO,alto
-12.3726,-57.1809,378.2,88,221.5,2025-09-29,MODIS_AQUA,Cerrado - MT,alto
-4.3053,-44.8379,351.7,30,72.0,2025-09-22,VIIRS_NOAA20,Maranhao (MATOPIBA) - MA,medio
-3.9003,-64.6737,321.8,73,3.2,2025-09-18,MODIS_AQUA,Amazonia - AM,baixo
